{
	"info": {
		"_postman_id": "3ec4c5a6-0c82-4a50-a819-2098fb7f146f",
		"name": "ProductsUPweb2024",
		"schema": "https://schema.getpostman.com/json/collection/v2.1.0/collection.json",
		"_exporter_id": "23626388"
	},
	"item": [
		{
			"name": "http://localhost:3000/products",
			"request": {
				"method": "GET",
				"header": [],
				"url": {
					"raw": "http://localhost:3000/products",
					"protocol": "http",
					"host": [
						"localhost"
					],
					"port": "3000",
					"path": [
						"products"
					]
				}
			},
			"response": []
		},
		{
			"name": "http://localhost:3000/products/3",
			"request": {
				"method": "PUT",
				"header": [],
				"body": {
					"mode": "urlencoded",
					"urlencoded": [
						{
							"key": "name",
							"value": "myProduct3",
							"type": "default"
						},
						{
							"key": "price",
							"value": "12345",
							"type": "default"
						},
						{
							"key": "category",
							"value": "pCat3",
							"type": "default"
						},
						{
							"key": "description",
							"value": "p3Description",
							"type": "default"
						}
					]
				},
				"url": {
					"raw": "http://localhost:3000/products/3",
					"protocol": "http",
					"host": [
						"localhost"
					],
					"port": "3000",
					"path": [
						"products",
						"3"
					]
				}
			},
			"response": []
		},
		{
			"name": "http://localhost:3000/products/",
			"request": {
				"method": "POST",
				"header": [],
				"body": {
					"mode": "urlencoded",
					"urlencoded": [
						{
							"key": "name",
							"value": "myProduct1",
							"type": "default"
						},
						{
							"key": "price",
							"value": "123",
							"type": "default"
						},
						{
							"key": "category",
							"value": "pCat1",
							"type": "default"
						},
						{
							"key": "description",
							"value": "p1Description",
							"type": "default"
						}
					]
				},
				"url": {
					"raw": "http://localhost:3000/products/",
					"protocol": "http",
					"host": [
						"localhost"
					],
					"port": "3000",
					"path": [
						"products",
						""
					]
				}
			},
			"response": []
		},
		{
			"name": "http://localhost:3000/products/1",
			"request": {
				"method": "GET",
				"header": [],
				"url": {
					"raw": "http://localhost:3000/products/1",
					"protocol": "http",
					"host": [
						"localhost"
					],
					"port": "3000",
					"path": [
						"products",
						"1"
					]
				}
			},
			"response": []
		},
		{
			"name": "http://localhost:3000/products/3",
			"request": {
				"method": "DELETE",
				"header": [],
				"url": {
					"raw": "http://localhost:3000/products/3",
					"protocol": "http",
					"host": [
						"localhost"
					],
					"port": "3000",
					"path": [
						"products",
						"3"
					]
				}
			},
			"response": []
		}
	]
}